id;url;description;category;time_created;time_updated
1;https://everlasting-vibraphone.com/;but deputise;ACTION;2025-03-05T15:45:29;2025-03-06T01:19:18
2;https://dual-thickness.org;turnover pout amid;STEP_MOM;2025-03-05T22:50:02;2025-03-06T04:40:25
3;https://useless-cape.com/;kindheartedly right ferryboat;COMEDY;2025-03-06T09:30:40;2025-03-06T07:15:07
4;https://rotten-alb.org;handsome;DRAMA;2025-03-06T03:03:54;2025-03-06T05:54:52
5;https://mountainous-excursion.name/;stain dressing;ROMANCE;2025-03-05T13:11:43;2025-03-06T09:11:32
6;https://neighboring-miscommunication.biz/;if opposite;ACTION;2025-03-06T10:39:13;2025-03-05T21:23:48
7;https://stylish-neck.com;coaxingly;ROMANCE;2025-03-06T05:21:10;2025-03-06T02:39:47
8;https://complex-extent.com/;upward drat mechanically;COMEDY;2025-03-05T21:30:06;2025-03-06T07:59:25
9;https://spotless-acetate.name/;whereas repeal;STEP_MOM;2025-03-06T10:46:13;2025-03-06T05:01:07
10;https://wet-pain.org/;qua release of;SCI_FI;2025-03-06T05:37:22;2025-03-05T22:34:09
