id;first_name;last_name;email;password;date_registered;date_updated
1;Kylie;Gottlieb;Madelyn.Schneider9@yahoo.com;ah;2025-03-06T08:34:47;2025-03-05T14:56:16
2;Angel;Will;Geoffrey.Champlin40@gmail.com;solitaire;2025-03-05T15:44:40;2025-03-06T05:57:25
3;Vito;Spinka;Bailey_Koelpin78@hotmail.com;notwithstanding;2025-03-05T17:04:53;2025-03-05T20:35:37
4;Valentina;Schmitt-Wuckert;Logan3@hotmail.com;thistle urgency;2025-03-06T01:39:49;2025-03-05T17:35:27
5;Parker;Murphy;Cristobal_Cassin@hotmail.com;defiantly finally;2025-03-05T14:19:39;2025-03-06T10:56:30
6;Sven;Roob;Clinton81@yahoo.com;through since because;2025-03-06T06:03:00;2025-03-05T17:13:13
7;Neha;Gottlieb;Virgie10@yahoo.com;pish;2025-03-05T14:53:30;2025-03-05T15:47:21
8;Ansley;Waters;Valerie73@gmail.com;blah;2025-03-06T11:56:39;2025-03-06T05:49:18
9;Easter;Blick;Selina.Hermann@hotmail.com;witty;2025-03-06T10:13:46;2025-03-06T07:26:50
10;Brady;Schmitt;Dangelo33@hotmail.com;aha absent;2025-03-06T00:07:51;2025-03-06T05:19:48
